" ", "Low", " ", "Med", " ", "High", " ", "Black"
"New York--Northern New Jersey--Long Island", "333658 ", "30.9% ", "511371 ", "47.3% ", "235770 ", "21.8% ", "1080799 "
"Washington", "71647 ", "19.3% ", "193588 ", "52.2% ", "105613 ", "28.5% ", "370848 "
"Los Angeles--Anaheim--Riverside", "126470 ", "29.9% ", "202460 ", "47.8% ", "94551 ", "22.3% ", "423481 "
"Chicago--Gary--Lake County", "187835 ", "37.3% ", "234832 ", "46.7% ", "80250 ", "16.0% ", "502917 "
"Philadelphia--Wilmington--Trenton", "126648 ", "34.6% ", "180384 ", "49.3% ", "58962 ", "16.1% ", "365994 "
"Detroit--Ann Arbor", "143194 ", "42.3% ", "141603 ", "41.8% ", "53658 ", "15.9% ", "338455 "
"San Francisco--Oakland--San Jose", "55988 ", "29.5% ", "91898 ", "48.4% ", "42156 ", "22.2% ", "190042 "
"Atlanta", "78182 ", "30.9% ", "136637 ", "54.0% ", "38152 ", "15.1% ", "252971 "
"Baltimore", "66748 ", "32.4% ", "104297 ", "50.6% ", "35224 ", "17.1% ", "206269 "
"Houston--Galveston--Brazoria", "88666 ", "39.3% ", "109701 ", "48.6% ", "27502 ", "12.2% ", "225869 "
"Dallas--Fort Worth", "70451 ", "37.0% ", "96980 ", "50.9% ", "22948 ", "12.1% ", "190379 "
"Miami--Fort Lauderdale", "65494 ", "36.7% ", "90179 ", "50.5% ", "22764 ", "12.8% ", "178437 "
"Cleveland--Akron--Lorain", "71185 ", "44.3% ", "70938 ", "44.1% ", "18734 ", "11.6% ", "160857 "
"St. Louis", "60960 ", "42.5% ", "65423 ", "45.6% ", "16965 ", "11.8% ", "143348 "
"Boston--Lawrence--Salem", "23367 ", "29.6% ", "39172 ", "49.6% ", "16372 ", "20.7% ", "78911 "
"Norfolk--Virginia Beach--Newport News", "48193 ", "36.8% ", "68540 ", "52.3% ", "14215 ", "10.9% ", "130948 "
"Richmond--Petersburg", "29806 ", "33.9% ", "45680 ", "51.9% ", "12516 ", "14.2% ", "88002 "
"Memphis", "59957 ", "46.3% ", "58913 ", "45.5% ", "10525 ", "8.1% ", "129395 "
"New Orleans", "73775 ", "52.5% ", "56681 ", "40.3% ", "10149 ", "7.2% ", "140605 "
"Charlotte--Gastonia--Rock Hill", "27800 ", "35.7% ", "41542 ", "53.4% ", "8447 ", "10.9% ", "77789 "
"San Diego", "14402 ", "29.0% ", "27184 ", "54.7% ", "8081 ", "16.3% ", "49667 "
"Kansas City", "28984 ", "41.1% ", "33457 ", "47.5% ", "8043 ", "11.4% ", "70484 "
"Indianapolis", "23902 ", "39.0% ", "29735 ", "48.5% ", "7627 ", "12.4% ", "61264 "
"Cincinnati--Hamilton", "36086 ", "47.8% ", "31848 ", "42.2% ", "7620 ", "10.1% ", "75554 "
"Raleigh--Durham", "22288 ", "34.2% ", "35302 ", "54.2% ", "7576 ", "11.6% ", "65166 "
"Greensboro--Winston-Salem--High Point", "24322 ", "37.0% ", "34376 ", "52.3% ", "6980 ", "10.6% ", "65678 "
"Columbus-OH", "22290 ", "38.5% ", "28676 ", "49.6% ", "6872 ", "11.9% ", "57838 "
"Seattle--Tacoma", "13671 ", "32.0% ", "22201 ", "52.0% ", "6860 ", "16.1% ", "42732 "
"Hartford--New Britain--Middletown", "9301 ", "29.1% ", "15814 ", "49.5% ", "6849 ", "21.4% ", "31964 "
"Sacramento", "11131 ", "32.7% ", "16345 ", "48.0% ", "6572 ", "19.3% ", "34048 "
"Milwaukee--Racine", "32197 ", "48.0% ", "28390 ", "42.3% ", "6546 ", "9.8% ", "67133 "
"Birmingham", "40484 ", "47.7% ", "37980 ", "44.7% ", "6453 ", "7.6% ", "84917 "
"Dayton--Springfield", "18952 ", "41.3% ", "20947 ", "45.7% ", "5954 ", "13.0% ", "45853 "
"Nashville", "22424 ", "41.8% ", "25330 ", "47.2% ", "5886 ", "11.0% ", "53640 "
"Denver--Boulder", "13342 ", "35.3% ", "18843 ", "49.8% ", "5661 ", "15.0% ", "37846 "
"Jacksonville-FL", "27004 ", "43.7% ", "29132 ", "47.1% ", "5655 ", "9.2% ", "61791 "
"Pittsburgh--Beaver Valley", "34281 ", "51.2% ", "27011 ", "40.4% ", "5619 ", "8.4% ", "66911 "
"Flint", "13166 ", "45.4% ", "10717 ", "36.9% ", "5147 ", "17.7% ", "29030 "
"Tampa--St.Petersburg--Clearwater", "28093 ", "44.8% ", "29532 ", "47.1% ", "5034 ", "8.0% ", "62659 "
"Rochester", "12262 ", "40.4% ", "13505 ", "44.5% ", "4557 ", "15.0% ", "30324 "
"Columbia-SC", "14846 ", "35.2% ", "22940 ", "54.4% ", "4419 ", "10.5% ", "42205 "
"New Haven--Meriden", "6722 ", "31.9% ", "9992 ", "47.4% ", "4345 ", "20.6% ", "21059 "
"Louisville", "22014 ", "48.4% ", "19253 ", "42.4% ", "4183 ", "9.2% ", "45450 "
"Orlando", "15114 ", "36.7% ", "21885 ", "53.1% ", "4179 ", "10.1% ", "41178 "
"Baton Rouge", "24819 ", "50.5% ", "20310 ", "41.3% ", "4054 ", "8.2% ", "49183 "
"Buffalo--Niagara Falls", "24526 ", "52.6% ", "18234 ", "39.1% ", "3852 ", "8.3% ", "46612 "
"Minneapolis--St. Paul", "12488 ", "41.8% ", "13543 ", "45.4% ", "3813 ", "12.8% ", "29844 "
"Charleston-SC", "21285 ", "44.8% ", "22446 ", "47.2% ", "3791 ", "8.0% ", "47522 "
"Augusta", "17192 ", "42.8% ", "19288 ", "48.0% ", "3702 ", "9.2% ", "40182 "
"Jackson-MS", "24720 ", "48.5% ", "22666 ", "44.4% ", "3629 ", "7.1% ", "51015 "
"Phoenix", "9097 ", "36.0% ", "12607 ", "49.9% ", "3543 ", "14.0% ", "25247 "
"San Antonio", "12529 ", "39.4% ", "15826 ", "49.8% ", "3429 ", "10.8% ", "31784 "
"Greenville--Spartanburg", "15827 ", "42.0% ", "18420 ", "48.9% ", "3406 ", "9.0% ", "37653 "
"Las Vegas", "7966 ", "33.7% ", "12402 ", "52.5% ", "3252 ", "13.8% ", "23620 "
"Oklahoma City", "13936 ", "41.5% ", "16453 ", "48.9% ", "3228 ", "9.6% ", "33617 "
"West Palm Beach--Boca Raton--Delray Beach", "12649 ", "38.7% ", "16802 ", "51.5% ", "3195 ", "9.8% ", "32646 "
"Macon--Warner Robins", "14775 ", "46.1% ", "14174 ", "44.2% ", "3087 ", "9.6% ", "32036 "
"Atlantic City.", "5142 ", "32.8% ", "7723 ", "49.3% ", "2814 ", "17.9% ", "15679 "
"Toledo", "12145 ", "49.9% ", "9475 ", "38.9% ", "2742 ", "11.3% ", "24362 "
"Little Rock--North Little Rock", "14993 ", "45.2% ", "15493 ", "46.7% ", "2674 ", "8.1% ", "33160 "
"Mobile", "23342 ", "55.0% ", "16484 ", "38.9% ", "2582 ", "6.1% ", "42408 "
"Austin", "10270 ", "40.0% ", "12900 ", "50.2% ", "2522 ", "9.8% ", "25692 "
"Fayetteville", "10117 ", "36.6% ", "15097 ", "54.6% ", "2443 ", "8.8% ", "27657 "
"Savannah", "13362 ", "47.3% ", "12478 ", "44.2% ", "2395 ", "8.5% ", "28235 "
"Montgomery", "16111 ", "48.9% ", "14537 ", "44.1% ", "2293 ", "7.0% ", "32941 "
"Beaumont--Port Arthur", "14814 ", "51.6% ", "11651 ", "40.6% ", "2245 ", "7.8% ", "28710 "
"Lansing--East Lansing", "3863 ", "36.7% ", "4593 ", "43.6% ", "2076 ", "19.7% ", "10532 "
"Columbus-GA", "14335 ", "47.5% ", "13872 ", "46.0% ", "1959 ", "6.5% ", "30166 "
"Harrisburg--Lebanon--Carlisle", "4998 ", "36.6% ", "6746 ", "49.4% ", "1919 ", "14.0% ", "13663 "
"Springfield-MA", "4237 ", "36.6% ", "5456 ", "47.2% ", "1876 ", "16.2% ", "11569 "
"Huntsville", "5681 ", "36.8% ", "7932 ", "51.3% ", "1834 ", "11.9% ", "15447 "
"Tallahassee", "10906 ", "47.9% ", "10090 ", "44.3% ", "1795 ", "7.9% ", "22791 "
"Shreveport", "21292 ", "57.1% ", "14255 ", "38.2% ", "1748 ", "4.7% ", "37295 "
"Albany--Schenectady--Troy", "5193 ", "36.7% ", "7205 ", "50.9% ", "1747 ", "12.4% ", "14145 "
"Grand Rapids", "5481 ", "41.6% ", "6062 ", "46.0% ", "1642 ", "12.5% ", "13185 "
"Portland--Vancouver", "5690 ", "40.7% ", "6673 ", "47.7% ", "1618 ", "11.6% ", "13981 "
"Saginaw--Bay City--Midland", "7040 ", "53.4% ", "4529 ", "34.4% ", "1611 ", "12.2% ", "13180 "
"Syracuse", "6141 ", "46.6% ", "5447 ", "41.3% ", "1592 ", "12.1% ", "13180 "
"Providence--Pawtucket--Fall River", "4490 ", "38.1% ", "5729 ", "48.6% ", "1573 ", "13.3% ", "11792 "
"Youngstown--Warren", "10330 ", "52.9% ", "7646 ", "39.1% ", "1555 ", "8.0% ", "19531 "
"Omaha", "7984 ", "44.6% ", "8374 ", "46.8% ", "1539 ", "8.6% ", "17897 "
"Tulsa", "10858 ", "51.8% ", "8640 ", "41.2% ", "1460 ", "7.0% ", "20958 "
"Wichita", "5567 ", "43.6% ", "5812 ", "45.6% ", "1380 ", "10.8% ", "12759 "
"Anchorage", "895 ", "18.3% ", "2703 ", "55.4% ", "1280 ", "26.2% ", "4878 "
"Poughkeepsie", "1451 ", "26.9% ", "2658 ", "49.4% ", "1276 ", "23.7% ", "5385 "
"Fort Wayne", "3392 ", "34.5% ", "5166 ", "52.6% ", "1271 ", "12.9% ", "9829 "
"Chattanooga", "10219 ", "48.8% ", "9469 ", "45.2% ", "1243 ", "5.9% ", "20931 "
"Lexington-Fayette", "6781 ", "49.6% ", "5681 ", "41.5% ", "1218 ", "8.9% ", "13680 "
"Colorado Springs", "2667 ", "27.9% ", "5705 ", "59.8% ", "1171 ", "12.3% ", "9543 "
"Albany", "8211 ", "51.9% ", "6433 ", "40.7% ", "1170 ", "7.4% ", "15814 "
"Knoxville", "6795 ", "51.4% ", "5296 ", "40.1% ", "1132 ", "8.6% ", "13223 "
"Fresno", "4954 ", "46.4% ", "4683 ", "43.9% ", "1034 ", "9.7% ", "10671 "
"Bakersfield", "3747 ", "43.5% ", "3831 ", "44.5% ", "1030 ", "12.0% ", "8608 "
"Pensacola", "9846 ", "53.0% ", "7711 ", "41.5% ", "1024 ", "5.5% ", "18581 "
"Melbourne--Titusville--Palm Bay", "4064 ", "39.4% ", "5243 ", "50.8% ", "1007 ", "9.8% ", "10314 "
"Danville", "4925 ", "43.3% ", "5456 ", "47.9% ", "1002 ", "8.8% ", "11383 "
"Roanoke", "4180 ", "42.1% ", "4759 ", "47.9% ", "998 ", "10.0% ", "9937 "
"Lakeland--Winter Haven", "7841 ", "46.0% ", "8227 ", "48.3% ", "972 ", "5.7% ", "17040 "
"Stockton", "3192 ", "40.9% ", "3657 ", "46.8% ", "963 ", "12.3% ", "7812 "
"Honolulu", "919 ", "12.7% ", "5343 ", "74.0% ", "958 ", "13.3% ", "7220 "
"Salinas--Seaside--Monterey", "1355 ", "22.3% ", "3794 ", "62.5% ", "918 ", "15.1% ", "6067 "
"Waterbury", "1839 ", "34.6% ", "2585 ", "48.7% ", "888 ", "16.7% ", "5312 "
"Canton", "3928 ", "45.5% ", "3820 ", "44.3% ", "878 ", "10.2% ", "8626 "
"Rockford", "3660 ", "47.2% ", "3217 ", "41.5% ", "872 ", "11.3% ", "7749 "
"Kalamazoo", "3318 ", "50.2% ", "2433 ", "36.8% ", "864 ", "13.1% ", "6615 "
"Lake Charles", "6933 ", "54.6% ", "4916 ", "38.7% ", "839 ", "6.6% ", "12688 "
"Killeen--Temple", "4948 ", "35.2% ", "8288 ", "58.9% ", "829 ", "5.9% ", "14065 "
"Tyler", "5188 ", "48.3% ", "4743 ", "44.1% ", "817 ", "7.6% ", "10748 "
"Lynchburg", "4607 ", "43.7% ", "5135 ", "48.7% ", "810 ", "7.7% ", "10552 "
"New London--Norwich", "967 ", "25.5% ", "2012 ", "53.2% ", "806 ", "21.3% ", "3785 "
"Daytona Beach", "5102 ", "48.6% ", "4592 ", "43.7% ", "804 ", "7.7% ", "10498 "
"Lafayette", "9081 ", "58.0% ", "5786 ", "36.9% ", "797 ", "5.1% ", "15664 "
"Florence-SC", "6742 ", "50.1% ", "5919 ", "44.0% ", "797 ", "5.9% ", "13458 "
"El Paso", "1972 ", "27.8% ", "4330 ", "61.0% ", "792 ", "11.2% ", "7094 "
"Tuscaloosa", "6646 ", "52.4% ", "5255 ", "41.4% ", "780 ", "6.2% ", "12681 "
"Allentown--Bethlehem--Easton", "1294 ", "30.9% ", "2141 ", "51.1% ", "751 ", "17.9% ", "4186 "
"Peoria", "4358 ", "53.4% ", "3054 ", "37.4% ", "748 ", "9.2% ", "8160 "
"Pine Bluff", "6493 ", "57.9% ", "3984 ", "35.5% ", "741 ", "6.6% ", "11218 "
"Gainesville", "6447 ", "52.1% ", "5187 ", "41.9% ", "731 ", "5.9% ", "12365 "
"Tucson", "3238 ", "41.7% ", "3822 ", "49.3% ", "696 ", "9.0% ", "7756 "
"Fort Pierce", "4222 ", "49.3% ", "3647 ", "42.6% ", "693 ", "8.1% ", "8562 "
"Longview--Marshall", "6987 ", "56.4% ", "4708 ", "38.0% ", "692 ", "5.6% ", "12387 "
"Texarkana-Texarkana", "5002 ", "55.1% ", "3386 ", "37.3% ", "690 ", "7.6% ", "9078 "
"Des Moines", "2440 ", "44.7% ", "2377 ", "43.5% ", "647 ", "11.8% ", "5464 "
"Santa Barbara--Santa Maria--Lompoc", "734 ", "23.4% ", "1769 ", "56.3% ", "639 ", "20.3% ", "3142 "
"Charlottesville", "2255 ", "36.2% ", "3333 ", "53.6% ", "635 ", "10.2% ", "6223 "
"South Bend--Mishawaka", "3816 ", "46.8% ", "3713 ", "45.5% ", "626 ", "7.7% ", "8155 "
"Worcester", "1020 ", "33.4% ", "1417 ", "46.3% ", "621 ", "20.3% ", "3058 "
"Athens", "4447 ", "46.9% ", "4410 ", "46.5% ", "619 ", "6.5% ", "9476 "
"Benton Harbor", "4579 ", "56.3% ", "2956 ", "36.3% ", "602 ", "7.4% ", "8137 "
"Battle Creek", "2219 ", "44.3% ", "2193 ", "43.8% ", "593 ", "11.8% ", "5005 "
"Davenport--Rock Island--Moline", "3149 ", "50.8% ", "2466 ", "39.8% ", "582 ", "9.4% ", "6197 "
"Wilmington", "4270 ", "49.3% ", "3817 ", "44.1% ", "575 ", "6.6% ", "8662 "
"Albuquerque", "1611 ", "33.2% ", "2670 ", "55.0% ", "575 ", "11.8% ", "4856 "
"Burlington-NC", "2693 ", "35.9% ", "4251 ", "56.6% ", "566 ", "7.5% ", "7510 "
"Champaign--Urbana--Rantoul", "2484 ", "44.5% ", "2559 ", "45.8% ", "539 ", "9.7% ", "5582 "
"Decatur-IL", "2293 ", "49.6% ", "1790 ", "38.8% ", "536 ", "11.6% ", "4619 "
"Waco", "5579 ", "56.0% ", "3858 ", "38.7% ", "526 ", "5.3% ", "9963 "
"Clarksville--Hopkinsville", "4375 ", "42.1% ", "5518 ", "53.1% ", "507 ", "4.9% ", "10400 "
"Hickory--Morganton", "2274 ", "39.2% ", "3026 ", "52.1% ", "505 ", "8.7% ", "5805 "
"Evansville", "3110 ", "52.1% ", "2353 ", "39.4% ", "502 ", "8.4% ", "5965 "
"Anderson-IN", "1464 ", "46.3% ", "1196 ", "37.8% ", "500 ", "15.8% ", "3160 "
"Topeka", "2114 ", "44.4% ", "2154 ", "45.2% ", "498 ", "10.4% ", "4766 "
"Decatur-AL", "2392 ", "49.3% ", "1967 ", "40.5% ", "493 ", "10.2% ", "4852 "
"Springfield-IL", "2475 ", "48.6% ", "2126 ", "41.8% ", "490 ", "9.6% ", "5091 "
"Monroe", "8199 ", "62.1% ", "4515 ", "34.2% ", "485 ", "3.7% ", "13199 "
"Pascagoula", "3415 ", "46.8% ", "3403 ", "46.6% ", "485 ", "6.6% ", "7303 "
"Biloxi--Gulfport", "5890 ", "52.6% ", "4816 ", "43.0% ", "482 ", "4.3% ", "11188 "
"Lawton", "2111 ", "36.5% ", "3185 ", "55.1% ", "480 ", "8.3% ", "5776 "
"Alexandria", "6623 ", "59.0% ", "4122 ", "36.7% ", "478 ", "4.3% ", "11223 "
"York", "1375 ", "35.8% ", "1998 ", "52.0% ", "472 ", "12.3% ", "3845 "
"Reading", "953 ", "32.6% ", "1498 ", "51.3% ", "469 ", "16.1% ", "2920 "
"Salt Lake City--Ogden", "1351 ", "38.9% ", "1688 ", "48.5% ", "438 ", "12.6% ", "3477 "
"Dothan", "4655 ", "51.3% ", "3986 ", "43.9% ", "436 ", "4.8% ", "9077 "
"Florence-AL", "2964 ", "52.1% ", "2298 ", "40.4% ", "432 ", "7.6% ", "5694 "
"Mansfield", "1306 ", "42.1% ", "1373 ", "44.3% ", "420 ", "13.6% ", "3099 "
"Fort Myers--Cape CoraL", "2939 ", "44.2% ", "3285 ", "49.5% ", "418 ", "6.3% ", "6642 "
"Muskegon", "3521 ", "52.7% ", "2746 ", "41.1% ", "408 ", "6.1% ", "6675 "
"Merced", "1140 ", "38.7% ", "1403 ", "47.6% ", "405 ", "13.7% ", "2948 "
"Charleston-WV", "2705 ", "48.7% ", "2454 ", "44.1% ", "401 ", "7.2% ", "5560 "
"Ocala", "4098 ", "51.3% ", "3499 ", "43.8% ", "398 ", "5.0% ", "7995 "
"Anderson-SC", "3577 ", "44.3% ", "4110 ", "50.9% ", "394 ", "4.9% ", "8081 "
"Lima", "1649 ", "45.1% ", "1613 ", "44.1% ", "394 ", "10.8% ", "3656 "
"Anniston", "3388 ", "48.0% ", "3281 ", "46.5% ", "392 ", "5.6% ", "7061 "
"Erie", "2325 ", "52.0% ", "1758 ", "39.4% ", "384 ", "8.6% ", "4467 "
"Lubbock", "2768 ", "52.9% ", "2092 ", "40.0% ", "376 ", "7.2% ", "5236 "
"Jacksonville-NC", "2400 ", "34.0% ", "4299 ", "60.8% ", "369 ", "5.2% ", "7068 "
"Bradenton", "2406 ", "46.7% ", "2388 ", "46.3% ", "360 ", "7.0% ", "5154 "
"Corpus Christi", "2352 ", "49.3% ", "2063 ", "43.2% ", "357 ", "7.5% ", "4772 "
"Jackson-TN", "4416 ", "52.6% ", "3626 ", "43.2% ", "352 ", "4.2% ", "8394 "
"Jackson-MI", "1285 ", "43.6% ", "1313 ", "44.5% ", "351 ", "11.9% ", "2949 "
"Kokomo", "379 ", "24.9% ", "796 ", "52.2% ", "349 ", "22.9% ", "1524 "
"Gadsden", "2444 ", "50.9% ", "2015 ", "41.9% ", "346 ", "7.2% ", "4805 "
"Lancaster", "926 ", "34.3% ", "1426 ", "52.9% ", "344 ", "12.8% ", "2696 "
"Modesto", "673 ", "35.3% ", "893 ", "46.9% ", "340 ", "17.8% ", "1906 "
"Kankakee", "2376 ", "51.2% ", "1941 ", "41.8% ", "321 ", "6.9% ", "4638 "
"Asheville", "2679 ", "50.9% ", "2265 ", "43.1% ", "316 ", "6.0% ", "5260 "
"Madison", "1354 ", "41.6% ", "1588 ", "48.8% ", "313 ", "9.6% ", "3255 "
"Houma--Thibodaux", "4907 ", "62.6% ", "2623 ", "33.5% ", "311 ", "4.0% ", "7841 "
"Sarasota", "1820 ", "45.2% ", "1912 ", "47.5% ", "292 ", "7.3% ", "4024 "
"Waterloo--Cedar Falls", "1671 ", "55.2% ", "1078 ", "35.6% ", "280 ", "9.2% ", "3029 "
"Johnson City--Kingsport--Bristol", "1458 ", "45.1% ", "1502 ", "46.5% ", "273 ", "8.4% ", "3233 "
"Elkhart--Goshen", "821 ", "37.4% ", "1104 ", "50.3% ", "272 ", "12.4% ", "2197 "
"Fort Walton Beach", "1403 ", "34.5% ", "2390 ", "58.8% ", "271 ", "6.7% ", "4064 "
"Steubenville--Weirton", "1078 ", "48.8% ", "874 ", "39.5% ", "258 ", "11.7% ", "2210 "
"Janesville--Beloit", "1044 ", "49.5% ", "808 ", "38.3% ", "257 ", "12.2% ", "2109 "
"Panama City", "2311 ", "51.0% ", "1982 ", "43.8% ", "236 ", "5.2% ", "4529 "
"Wichita Falls", "1909 ", "52.3% ", "1507 ", "41.3% ", "234 ", "6.4% ", "3650 "
"Scranton--Wilkes-Barre", "650 ", "38.8% ", "790 ", "47.2% ", "234 ", "14.0% ", "1674 "
"Bloomington--Normal", "716 ", "40.8% ", "827 ", "47.1% ", "214 ", "12.2% ", "1757 "
"Utica--Rome", "1796 ", "51.9% ", "1453 ", "42.0% ", "212 ", "6.1% ", "3461 "
"Bryan--College Station", "2608 ", "58.5% ", "1642 ", "36.8% ", "211 ", "4.7% ", "4461 "
"Binghamton", "558 ", "41.0% ", "604 ", "44.4% ", "198 ", "14.6% ", "1360 "
"Sherman--Denison", "1092 ", "45.5% ", "1115 ", "46.4% ", "194 ", "8.1% ", "2401 "
"Midland", "1417 ", "49.1% ", "1278 ", "44.3% ", "190 ", "6.6% ", "2885 "
"Reno", "691 ", "34.2% ", "1146 ", "56.7% ", "183 ", "9.1% ", "2020 "
"Olympia", "197 ", "20.0% ", "607 ", "61.7% ", "179 ", "18.2% ", "983 "
"Muncie", "1399 ", "57.5% ", "856 ", "35.2% ", "178 ", "7.3% ", "2433 "
"Amarillo", "1682 ", "53.2% ", "1308 ", "41.4% ", "173 ", "5.5% ", "3163 "
"New Bedford", "703 ", "44.4% ", "722 ", "45.6% ", "160 ", "10.1% ", "1585 "
"Lincoln", "744 ", "45.3% ", "746 ", "45.4% ", "154 ", "9.4% ", "1644 "
"Huntington--Ashland", "1391 ", "56.0% ", "940 ", "37.9% ", "152 ", "6.1% ", "2483 "
"Sharon", "1071 ", "55.1% ", "726 ", "37.3% ", "148 ", "7.6% ", "1945 "
"Visalia--Tulare--Porterville", "662 ", "48.5% ", "555 ", "40.7% ", "148 ", "10.8% ", "1365 "
"Columbia-MO", "1333 ", "46.3% ", "1398 ", "48.6% ", "147 ", "5.1% ", "2878 "
"Victoria", "905 ", "50.6% ", "738 ", "41.3% ", "146 ", "8.2% ", "1789 "
"Spokane", "671 ", "41.4% ", "803 ", "49.6% ", "146 ", "9.0% ", "1620 "
"Yuba City", "345 ", "32.2% ", "591 ", "55.2% ", "135 ", "12.6% ", "1071 "
"Abilene", "979 ", "40.3% ", "1318 ", "54.2% ", "133 ", "5.5% ", "2430 "
"Naples", "960 ", "48.3% ", "897 ", "45.2% ", "129 ", "6.5% ", "1986 "
"Terre Haute", "870 ", "47.8% ", "822 ", "45.2% ", "127 ", "7.0% ", "1819 "
"Cedar Rapids", "411 ", "42.5% ", "440 ", "45.5% ", "116 ", "12.0% ", "967 "
"Elmira", "625 ", "52.7% ", "447 ", "37.7% ", "114 ", "9.6% ", "1186 "
"Pittsfield", "248 ", "45.3% ", "192 ", "35.0% ", "108 ", "19.7% ", "548 "
"Bloomington", "365 ", "41.7% ", "408 ", "46.6% ", "102 ", "11.7% ", "875 "
"Bremerton", "499 ", "35.9% ", "790 ", "56.8% ", "101 ", "7.3% ", "1390 "
"Springfield-MO", "527 ", "42.7% ", "608 ", "49.3% ", "98 ", "7.9% ", "1233 "
"Fitchburg--Leominster", "210 ", "27.2% ", "465 ", "60.2% ", "98 ", "12.7% ", "773 "
"Portsmouth--Dover--Rochester", "132 ", "18.2% ", "497 ", "68.6% ", "95 ", "13.1% ", "724 "
"State College", "304 ", "47.4% ", "246 ", "38.4% ", "91 ", "14.2% ", "641 "
"Mcallen--Edinburg--Mission", "70 ", "23.4% ", "141 ", "47.2% ", "88 ", "29.4% ", "299 "
"Owensboro", "748 ", "56.1% ", "498 ", "37.4% ", "87 ", "6.5% ", "1333 "
"Parkersburg--Marietta", "207 ", "36.1% ", "280 ", "48.8% ", "87 ", "15.2% ", "574 "
"Odessa", "1116 ", "56.4% ", "777 ", "39.3% ", "85 ", "4.3% ", "1978 "
"Richland--Kennewick--Pasco", "226 ", "30.3% ", "438 ", "58.6% ", "83 ", "11.1% ", "747 "
"Yuma", "391 ", "41.2% ", "481 ", "50.6% ", "78 ", "8.2% ", "950 "
"Burlington-VT", "117 ", "34.3% ", "148 ", "43.4% ", "76 ", "22.3% ", "341 "
"Portland", "152 ", "33.8% ", "224 ", "49.8% ", "74 ", "16.4% ", "450 "
"Hagerstown", "462 ", "38.5% ", "665 ", "55.5% ", "72 ", "6.0% ", "1199 "
"Yakima", "268 ", "38.3% ", "361 ", "51.6% ", "71 ", "10.1% ", "700 "
"Las Cruces", "283 ", "38.0% ", "391 ", "52.6% ", "70 ", "9.4% ", "744 "
"Lawrence", "595 ", "46.2% ", "625 ", "48.6% ", "67 ", "5.2% ", "1287 "
"San Angelo", "693 ", "47.9% ", "687 ", "47.5% ", "66 ", "4.6% ", "1446 "
"Iowa City", "311 ", "49.1% ", "261 ", "41.2% ", "62 ", "9.8% ", "634 "
"Cumberland", "403 ", "52.3% ", "307 ", "39.8% ", "61 ", "7.9% ", "771 "
"Eugene--Springfield", "370 ", "50.0% ", "309 ", "41.8% ", "61 ", "8.2% ", "740 "
"Fort Smith", "1206 ", "48.8% ", "1209 ", "48.9% ", "58 ", "2.3% ", "2473 "
"Rochester-MN", "58 ", "36.7% ", "42 ", "26.6% ", "58 ", "36.7% ", "158 "
"Rapid City", "76 ", "16.7% ", "322 ", "70.9% ", "56 ", "12.3% ", "454 "
"St. Joseph", "394 ", "45.4% ", "422 ", "48.6% ", "52 ", "6.0% ", "868 "
"Wheeling", "620 ", "57.5% ", "410 ", "38.0% ", "48 ", "4.5% ", "1078 "
"Boise City", "144 ", "34.5% ", "225 ", "54.0% ", "48 ", "11.5% ", "417 "
"Manchester", "146 ", "35.4% ", "220 ", "53.4% ", "46 ", "11.2% ", "412 "
"Johnstown", "791 ", "62.6% ", "431 ", "34.1% ", "42 ", "3.3% ", "1264 "
"Salem", "154 ", "42.8% ", "164 ", "45.6% ", "42 ", "11.7% ", "360 "
"Williamsport", "430 ", "53.3% ", "336 ", "41.6% ", "41 ", "5.1% ", "807 "
"Chico", "369 ", "50.1% ", "327 ", "44.4% ", "41 ", "5.6% ", "737 "
"Lafayette--West Lafayette", "333 ", "45.8% ", "354 ", "48.7% ", "40 ", "5.5% ", "727 "
"Fort Collins--Loveland", "148 ", "42.0% ", "164 ", "46.6% ", "40 ", "11.4% ", "352 "
"Fayetteville--Springdale", "240 ", "42.5% ", "286 ", "50.6% ", "39 ", "6.9% ", "565 "
"Pueblo", "409 ", "50.9% ", "358 ", "44.6% ", "36 ", "4.5% ", "803 "
"Altoona", "170 ", "47.0% ", "157 ", "43.4% ", "35 ", "9.7% ", "362 "
"Cheyenne", "288 ", "39.8% ", "402 ", "55.5% ", "34 ", "4.7% ", "724 "
"Jamestown--Dunkirk", "292 ", "56.0% ", "196 ", "37.6% ", "33 ", "6.3% ", "521 "
"Green Bay", "28 ", "13.3% ", "149 ", "71.0% ", "33 ", "15.7% ", "210 "
"Bangor", "30 ", "19.2% ", "95 ", "60.9% ", "31 ", "19.9% ", "156 "
"Joplin", "313 ", "60.1% ", "180 ", "34.5% ", "28 ", "5.4% ", "521 "
"Santa Fe", "60 ", "32.1% ", "100 ", "53.5% ", "27 ", "14.4% ", "187 "
"Brownsville--Harlingen", "134 ", "49.4% ", "111 ", "41.0% ", "26 ", "9.6% ", "271 "
"Appleton--Oshkosh--Neenah", "45 ", "33.6% ", "63 ", "47.0% ", "26 ", "19.4% ", "134 "
"Grand Forks", "96 ", "21.3% ", "333 ", "73.8% ", "22 ", "4.9% ", "451 "
"Sioux City", "343 ", "54.2% ", "269 ", "42.5% ", "21 ", "3.3% ", "633 "
"Duluth", "190 ", "47.5% ", "191 ", "47.8% ", "19 ", "4.8% ", "400 "
"Redding", "112 ", "40.7% ", "144 ", "52.4% ", "19 ", "6.9% ", "275 "
"Glens Falls", "94 ", "47.5% ", "85 ", "42.9% ", "19 ", "9.6% ", "198 "
"Enid", "384 ", "51.9% ", "340 ", "45.9% ", "16 ", "2.2% ", "740 "
"Medford", "33 ", "55.0% ", "11 ", "18.3% ", "16 ", "26.7% ", "60 "
"Great Falls", "90 ", "28.4% ", "212 ", "66.9% ", "15 ", "4.7% ", "317 "
"Sioux Falls", "115 ", "50.0% ", "101 ", "43.9% ", "14 ", "6.1% ", "230 "
"La Crosse", "18 ", "17.1% ", "73 ", "69.5% ", "14 ", "13.3% ", "105 "
"St. Cloud", "30 ", "24.4% ", "80 ", "65.0% ", "13 ", "10.6% ", "123 "
"Casper", "86 ", "69.9% ", "25 ", "20.3% ", "12 ", "9.8% ", "123 "
"Fargo--Moorhead", "69 ", "55.2% ", "45 ", "36.0% ", "11 ", "8.8% ", "125 "
"Eau Claire", "49 ", "69.0% ", "12 ", "16.9% ", "10 ", "14.1% ", "71 "
"Billings", "64 ", "64.0% ", "28 ", "28.0% ", "8 ", "8.0% ", "100 "
"Lewiston--Auburn", "56 ", "42.7% ", "68 ", "51.9% ", "7 ", "5.3% ", "131 "
"Dubuque", "35 ", "53.8% ", "24 ", "36.9% ", "6 ", "9.2% ", "65 "
"Wausau", "12 ", "54.5% ", "4 ", "18.2% ", "6 ", "27.3% ", "22 "
"Greeley", "61 ", "32.3% ", "123 ", "65.1% ", "5 ", "2.6% ", "189 "
"Bellingham", "109 ", "54.8% ", "88 ", "44.2% ", "2 ", "1.0% ", "199 "
"Sheboygan", "3 ", "20.0% ", "10 ", "66.7% ", "2 ", "13.3% ", "15 "
"Provo--Orem", "11 ", "31.4% ", "24 ", "68.6% ", "0 ", "0.0% ", "35 "
"Laredo", "28 ", "90.3% ", "3 ", "9.7% ", "0 ", "0.0% ", "31 "
"Bismarck", "16 ", "53.3% ", "14 ", "46.7% ", "0 ", "0.0% ", "30 "
" ", " ", " ", " ", " ", " ", " ", " "
"Total", "3184911 ", "37.8% ", "3991092 ", "47.4% ", "1242232 ", "14.8% ", "8418235 "
